stand,plot,tree,dbh.2014,rad.inc,species,exp
54,1,1,28,9,psme,50
54,1,2,14.1,4,psme,50
54,1,3,26.1,10,psme,50
54,1,4,27.7,9,psme,50
54,1,5,32.5,15,psme,50
54,1,6,20,4,psme,50
54,1,7,32.3,13,psme,50
54,1,8,32.4,10,psme,50
54,1,9,26.7,5,psme,50
54,1,10,42,13,psme,50
54,1,11,22.6,3,psme,50
54,1,12,28.5,15,psme,50
54,1,13,30.4,17,psme,50
54,1,14,22.3,4,psme,50
54,1,15,40.1,15,psme,50
54,2,1,27.9,11,psme,50
54,2,2,35.1,15,psme,50
54,2,3,24.1,5,psme,50
54,2,4,29,7,psme,50
54,2,5,30.1,15,psme,50
54,2,6,35.9,12,psme,50
54,2,7,30.5,8,psme,50
54,2,8,30.7,10,psme,50
54,2,9,36.1,9,psme,50
54,2,10,25.9,8,psme,50
54,2,11,42.2,12,psme,50
54,3,1,33.6,13,psme,50
54,3,2,27.2,6,psme,50
54,3,3,36,14,psme,50
54,3,4,32.5,7,psme,50
54,3,5,37.8,9,psme,50
54,3,6,22.7,6,psme,50
54,3,7,27.2,8,psme,50
54,3,8,30.1,10,psme,50
54,3,9,42.7,17,psme,50
54,3,10,30.5,13,psme,50
54,3,11,24.8,7,psme,50
54,4,1,30.3,8,psme,50
54,4,2,28,7,psme,50
54,4,3,33.6,11,psme,50
54,4,4,23.8,10,psme,50
54,4,5,30.7,4,psme,50
54,4,6,36.6,10,psme,50
54,4,7,31.3,10,psme,50
54,4,8,34.2,12,psme,50
54,4,9,27.9,9,psme,50
54,4,10,30.5,8,psme,50
54,4,11,37.6,12,psme,50
54,4,12,30.6,8,psme,50
54,4,13,26.5,8,psme,50
54,4,14,25.5,5,psme,50
54,5,1,33.8,11,psme,50
54,5,2,26.8,5,psme,50
54,5,3,22.8,5,psme,50
54,5,4,35.6,13,psme,50
54,5,5,33.5,14,psme,50
54,5,6,34.7,8,psme,50
54,5,7,25.5,13,psme,50
54,5,8,17.5,6,alru,50
54,5,9,20.4,2,psme,50
54,5,10,33.6,21,psme,50
54,5,11,27.2,6,psme,50
54,5,12,27.8,7,psme,50
54,5,13,27.4,10,psme,50
54,5,14,29,11,psme,50
54,6,1,28.3,8,psme,50
54,6,2,37.4,15,psme,50
54,6,3,29,9,psme,50
54,6,4,28.9,13,psme,50
54,6,5,30.1,14,psme,50
54,6,6,30.7,4,psme,50
54,6,7,21.2,4,psme,50
54,6,8,38.7,10,psme,50
54,6,9,27.2,10,psme,50
54,6,10,16.4,3,psme,50
54,6,11,39.9,23,psme,50
54,6,12,37.1,22,psme,50
54,6,13,30.6,9,psme,50
54,6,14,39.2,18,psme,50
54,6,15,36,16,psme,50
54,6,16,26.2,11,psme,50
54,7,1,26.3,13,psme,50
54,7,2,26.8,12,psme,50
54,7,3,31.5,20,psme,50
54,7,4,25.8,12,psme,50
54,7,5,15.6,5,psme,50
54,7,6,25.5,12,psme,50
54,7,7,25,13,psme,50
54,7,8,17.3,5,psme,50
54,7,9,24.8,11,psme,50
54,7,10,22.1,12,psme,50
54,7,11,17.5,5,psme,50
54,7,12,12.2,5,psme,50
54,7,13,22,11,psme,50
54,7,14,22.2,15,psme,50
54,7,15,25.7,16,psme,50
54,7,16,16.6,4,psme,50
54,7,17,29.3,15,psme,50
54,8,1,31.7,7,psme,50
54,8,2,25.8,7,psme,50
54,8,3,31.2,10,psme,50
54,8,4,23.4,6,psme,50
54,8,5,23.2,4,psme,50
54,8,6,23.2,5,psme,50
54,8,7,27.6,7,psme,50
54,8,8,28.3,8,psme,50
54,8,9,14.3,4,psme,50
54,8,10,29.4,11,psme,50
54,8,11,30.8,8,psme,50
54,8,12,18.3,3,psme,50
54,8,13,25.9,14,psme,50
54,8,14,22.3,10,psme,50
54,8,15,25,10,psme,50
54,8,16,25.4,7,psme,50
54,9,1,25.1,13,psme,50
54,9,2,31.4,12,psme,50
54,9,3,37,14,psme,50
54,9,4,31.6,19,psme,50
54,9,5,33.4,11,psme,50
54,9,6,23.9,5,psme,50
54,9,7,21.8,7,psme,50
54,9,8,27.2,7,psme,50
54,9,9,20.3,4,psme,50
54,9,10,24.7,8,psme,50
54,9,11,28.2,8,psme,50
54,9,12,32.2,14,psme,50
54,10,1,34.1,10,psme,50
54,10,2,32.8,14,psme,50
54,10,3,31.4,7,psme,50
54,10,4,39.8,11,psme,50
54,10,5,24.2,7,psme,50
54,10,6,31.8,9,psme,50
54,10,7,30.8,8,psme,50
54,10,8,23,3,psme,50
54,10,9,31.3,4,psme,50
54,10,10,34.8,12,psme,50
54,11,1,32.8,13,psme,50
54,11,2,37,12,psme,50
54,11,3,34.7,8,psme,50
54,11,4,30.1,6,psme,50
54,11,5,30,7,psme,50
54,11,6,35.2,13,psme,50
54,11,7,36.9,14,psme,50
54,11,8,22.9,4,psme,50
54,11,9,34,11,psme,50
54,11,10,32.2,8,psme,50
54,11,11,38,5,psme,50
54,11,12,22.3,3,psme,50
54,12,1,33.2,14,psme,50
54,12,2,29.7,10,psme,50
54,12,3,27.9,10,psme,50
54,12,4,26.8,12,psme,50
54,12,5,23.6,6,psme,50
54,12,6,20.6,6,psme,50
54,12,7,31.4,17,psme,50
54,12,8,19.1,3,psme,50
54,12,9,19.6,6,psme,50
54,12,10,27.2,11,psme,50
54,12,11,30.9,16,psme,50
54,13,1,24.4,10,psme,50
54,13,2,23.6,8,psme,50
54,13,3,25.3,12,psme,50
54,13,4,20.1,8,psme,50
54,13,5,26.2,12,psme,50
54,13,6,24.6,11,psme,50
54,13,7,26.1,8,psme,50
54,13,8,23.9,12,psme,50
54,13,9,23.4,7,psme,50
54,13,10,27.2,15,psme,50
54,13,11,20.5,10,psme,50
54,13,12,24.3,14,psme,50
54,13,13,21.1,6,psme,50
54,13,14,26.8,9,psme,50
54,13,15,30.9,18,psme,50
54,13,16,32.8,11,psme,50
54,13,17,22.2,7,psme,50
110,1,1,35.1,13,psme,50
110,1,2,37.3,7,psme,50
110,1,3,36.3,10,psme,50
110,1,4,43.3,8,psme,50
110,1,5,36.9,10,psme,50
110,1,6,35.6,10,psme,50
110,1,7,19,2,psme,50
110,1,8,31.4,10,psme,50
110,1,9,34.1,10,psme,50
110,1,10,34.4,12,psme,50
110,1,11,26.8,4,psme,50
110,2,1,33.2,7,psme,50
110,2,2,37.2,10,psme,50
110,2,3,42.8,13,psme,50
110,2,4,41.1,13,psme,50
110,2,5,38.1,7,psme,50
110,2,6,43.3,12,psme,50
110,2,7,31.2,2,psme,50
110,2,8,33,8,psme,50
110,2,9,24.2,5,psme,50
110,3,1,40.1,11,psme,50
110,3,2,27.7,7,psme,50
110,3,3,25.2,8,psme,50
110,3,4,30.5,10,psme,50
110,3,5,12.3,7,acma,50
110,3,6,46.9,16,psme,50
110,3,7,35.9,8,psme,50
110,3,8,44.4,13,psme,50
110,3,9,27.7,3,psme,50
110,3,10,9.1,5,acma,50
110,4,1,45.1,13,psme,50
110,4,2,48.7,11,psme,50
110,4,3,25.5,4,psme,50
110,4,4,49.6,14,psme,50
110,4,5,42.8,17,psme,50
110,4,6,44.4,14,psme,50
110,4,7,24.8,6,psme,50
110,4,8,34.9,9,psme,50
110,4,9,41,10,psme,50
110,4,10,27.3,5,psme,50
110,4,11,32.4,8,psme,50
110,5,1,36.4,4,psme,50
110,5,2,44.5,1,psme,50
110,5,3,35,3,psme,50
110,5,4,37.1,11,psme,50
110,5,5,36.5,9,psme,50
110,5,6,41.9,14,psme,50
110,5,7,28,6,psme,50
110,5,8,20,8,psme,50
110,5,9,27.2,5,psme,50
110,6,1,22.1,3,psme,50
110,6,2,41.8,9,psme,50
110,6,3,27.9,6,psme,50
110,6,4,34.6,11,psme,50
110,6,5,39.5,5,psme,50
110,6,6,29.3,4,psme,50
110,6,7,27.8,2,psme,50
110,6,8,28.2,2,psme,50
110,6,9,36.1,7,psme,50
110,6,10,33.4,6,psme,50
110,6,11,38.2,6,psme,50
110,6,12,32.6,11,psme,50
110,6,13,37,7,psme,50
110,6,14,44.4,17,psme,50
110,7,1,41.1,9,psme,50
110,7,2,41.1,14,psme,50
110,7,3,34.1,5,psme,50
110,7,5,38.4,6,psme,50
110,7,6,25.8,6,psme,50
110,7,7,46,12,psme,50
110,7,8,36,7,psme,50
110,7,9,30.9,8,psme,50
110,7,10,24.9,2,psme,50
110,7,11,21.2,3,psme,50
110,7,12,24,4,psme,50
110,8,1,51.3,11,psme,50
110,8,2,42.4,9,psme,50
110,8,3,43.9,11,psme,50
110,8,4,47.7,7,psme,50
110,8,5,39.2,17,psme,50
110,8,6,48.1,9,psme,50
110,8,7,30.7,8,psme,50
110,8,8,30.9,4,psme,50
110,9,1,41.7,12,psme,50
110,9,2,32,5,psme,50
110,9,3,26.7,8,psme,50
110,9,4,35.8,12,psme,50
110,9,5,47.4,23,psme,50
110,9,6,28.7,7,psme,50
110,9,7,27.4,7,psme,50
110,9,8,27.6,3,psme,50
110,9,9,24.6,4,psme,50
110,9,10,39,12,psme,50
110,9,11,35.9,14,psme,50
110,9,12,28.2,5,psme,50
110,9,13,39.1,10,psme,50
110,9,14,20.2,5,psme,50
110,10,1,39.1,12,psme,50
110,10,2,22.3,4,psme,50
110,10,3,39.7,13,psme,50
110,10,4,40.2,8,psme,50
110,10,5,41.1,17,psme,50
110,10,6,26.8,3,psme,50
110,10,7,20,4,psme,50
110,10,8,21.2,2,psme,50
110,10,9,34.4,15,psme,50
110,10,10,27.4,3,psme,50
110,11,1,34.8,13,psme,50
110,11,2,26.9,4,psme,50
110,11,3,42.2,10,psme,50
110,11,4,24.9,8,psme,50
110,11,5,35,12,psme,50
110,11,6,36.5,14,psme,50
110,11,7,35.8,9,psme,50
110,11,8,37.7,8,psme,50
110,11,9,33,7,psme,50
110,11,10,37.3,8,psme,50
110,11,11,43.6,7,psme,50
110,11,12,27.3,1,psme,50
110,12,1,29.2,3,psme,50
110,12,2,43.4,12,psme,50
110,12,3,43.6,19,psme,50
110,12,4,34.6,10,psme,50
110,12,5,36.1,11,psme,50
110,12,6,25.8,4,psme,50
110,12,7,31,7,psme,50
110,12,8,34.7,8,psme,50
110,12,9,50.8,12,psme,50
110,12,10,34.1,8,psme,50
110,12,11,42.8,14,psme,50
110,12,12,22.7,2,psme,50
110,13,1,43.8,12,psme,50
110,13,2,30,8,psme,50
110,13,3,35.5,7,psme,50
110,13,4,42.8,12,psme,50
110,13,5,32.5,12,psme,50
110,13,6,43.2,4,psme,50
110,13,7,37.7,8,psme,50
110,13,8,36.2,7,psme,50
110,14,1,46.1,15,psme,50
110,14,2,45.6,5,psme,50
110,14,3,22.6,1,psme,50
110,14,4,36.1,6,psme,50
110,14,5,34.7,8,psme,50
110,14,6,28.9,3,psme,50
110,14,7,48.9,2,psme,50
110,14,8,36.1,16,psme,50
110,14,9,27.4,13,psme,50
110,14,10,32.4,7,psme,50
110,15,1,19.1,2,psme,50
110,15,2,25.5,5,psme,50
110,15,3,35.3,15,psme,50
110,15,4,35,6,psme,50
110,15,5,30.9,7,psme,50
110,15,6,45.9,23,psme,50
110,15,7,20.3,2,psme,50
110,15,8,35.6,10,psme,50
110,15,9,36.2,8,psme,50
110,15,10,35.3,17,psme,50
110,15,11,20.3,3,psme,50
110,15,12,25.3,9,psme,50
110,15,13,35.5,9,psme,50
110,15,14,26.8,6,psme,50
110,16,1,21.3,11,psme,50
110,16,2,28.2,10,psme,50
110,16,3,40.6,14,psme,50
110,16,4,24.9,4,psme,50
110,16,5,44.4,15,psme,50
110,16,6,28.5,4,psme,50
110,16,7,45.7,14,psme,50
110,16,8,33.6,8,psme,50
110,16,9,40.4,7,psme,50
110,16,10,43.5,20,psme,50
110,17,1,44.6,14,psme,50
110,17,2,34.1,7,psme,50
110,17,3,39.4,10,psme,50
110,17,4,27.9,5,psme,50
110,17,5,32.4,3,psme,50
110,17,6,36.6,15,psme,50
110,17,7,34.2,10,psme,50
110,17,8,44.5,12,psme,50
110,17,9,32.3,10,psme,50
110,17,10,46,11,psme,50
110,17,11,37.7,16,psme,50
110,18,1,34.9,10,psme,50
110,18,2,40.7,17,psme,50
110,18,3,27.5,2,psme,50
110,18,4,43.8,7,psme,50
110,18,5,44.1,11,psme,50
110,18,6,47.5,18,psme,50
110,18,7,32.7,7,psme,50
110,18,8,37.5,12,psme,50
110,18,9,43.2,10,psme,50
110,18,10,42.7,9,psme,50
110,18,11,39.4,12,psme,50
110,19,1,43.1,12,psme,50
110,19,2,33.1,10,psme,50
110,19,3,39.2,12,psme,50
110,19,4,46.7,11,psme,50
110,19,5,32.4,11,psme,50
110,19,6,28,6,psme,50
110,19,7,43.2,2,psme,50
110,19,8,31.5,10,psme,50
110,19,9,38.5,8,psme,50
110,19,10,25,7,psme,50
110,19,11,42.3,8,psme,50
110,19,12,35.5,10,psme,50
110,20,1,33.1,5,psme,50
110,20,2,51.5,13,psme,50
110,20,3,44.9,10,psme,50
110,20,4,29.4,3,psme,50
110,20,5,48.5,16,psme,50
110,20,6,42.2,8,psme,50
110,20,7,46.2,13,psme,50
110,21,1,35.3,5,psme,50
110,21,2,31.6,6,psme,50
110,21,3,37.6,7,psme,50
110,21,4,34.2,10,psme,50
110,21,5,54.9,15,psme,50
110,21,6,37,14,psme,50
110,21,7,47.5,12,psme,50
110,21,8,43.1,12,psme,50
110,22,1,27.9,10,psme,50
110,22,2,23.5,4,psme,50
110,22,3,41.7,17,psme,50
110,22,4,20.3,2,psme,50
110,22,5,45.1,18,psme,50
110,22,6,43.3,13,psme,50
110,22,7,36.7,9,psme,50
110,22,8,47.1,21,psme,50
110,22,9,34.6,6,psme,50
110,22,10,49.7,21,psme,50
110,23,1,48.9,14,psme,50
110,23,2,36.7,11,psme,50
110,23,3,52.7,16,psme,50
110,23,4,37.7,18,psme,50
110,23,5,41.5,11,psme,50
110,23,6,18.3,3,psme,50
110,23,7,46.9,20,psme,50
110,23,8,51.3,21,psme,50
110,23,9,36.9,7,psme,50
134,1,1,27.6,15,psme,50
134,1,2,28.8,19,psme,50
134,1,3,27.7,23,psme,50
134,1,4,38.5,20,psme,50
134,1,5,32.9,16,psme,50
134,1,6,33.7,24,psme,50
134,1,7,24.4,20,psme,50
134,1,8,39.3,30,psme,50
134,1,9,32,24,psme,50
134,1,10,35.5,37,psme,50
134,1,11,27.6,16,psme,50
134,1,12,45.7,19,psme,50
134,2,1,36.3,,psme,50
134,2,2,29.7,20,psme,50
134,2,3,14.7,8,psme,50
134,2,4,27.8,14,psme,50
134,2,5,28.3,19,psme,50
134,2,6,24.9,17,psme,50
134,2,7,31.9,21,psme,50
134,2,8,25.8,20,psme,50
134,2,9,31.4,17,psme,50
134,2,10,28,17,psme,50
134,3,1,28.2,15,psme,50
134,3,2,29.1,19,psme,50
134,3,3,23.4,11,psme,50
134,3,4,25.2,12,psme,50
134,3,5,26.7,11,psme,50
134,3,6,27.4,11,psme,50
134,3,7,19,10,psme,50
134,3,8,33.2,16,psme,50
134,3,9,26.2,22,psme,50
134,3,10,32.9,17,psme,50
134,3,11,25.8,14,psme,50
134,3,12,20.7,13,psme,50
134,3,13,22.6,14,psme,50
134,3,14,35.8,21,psme,50
73,1,1,29.6,17,psme,50
73,1,2,42,9,psme,50
73,1,3,44.2,9,psme,50
73,1,4,38.6,12,psme,50
73,1,5,43.6,13,psme,50
73,1,6,36,17,psme,50
73,1,7,32.8,11,psme,50
73,1,8,42,4,psme,50
73,1,9,19.7,2,psme,50
73,1,10,32.5,19,psme,50
73,1,11,24.1,4,psme,50
73,1,12,32.2,9,psme,50
73,1,13,19.8,2,psme,50
73,1,14,44.9,18,psme,50
73,2,1,40.6,16,psme,50
73,2,2,34.5,13,psme,50
73,2,3,43.2,19,psme,50
73,2,4,30.5,15,psme,50
73,2,5,42.8,13,psme,50
73,2,6,37.8,12,psme,50
73,2,7,26,4,psme,50
73,2,8,29.7,3,psme,50
73,2,9,33.3,6,psme,50
73,2,10,27,4,psme,50
73,2,11,33.5,12,psme,50
73,2,12,23.4,5,psme,50
73,2,13,27.8,5,psme,50
73,2,14,27.9,5,psme,50
73,3,1,32.7,12,psme,50
73,3,2,41.1,8,psme,50
73,3,3,24.7,7,psme,50
73,3,4,29.6,5,psme,50
73,3,5,34.1,8,psme,50
73,3,6,31.1,11,psme,50
73,3,7,25.1,2,psme,50
73,3,8,25.3,6,psme,50
73,3,9,30.9,5,psme,50
73,3,10,19.4,2,psme,50
73,4,1,51.4,18,psme,50
73,4,2,35,11,psme,50
73,4,3,28.5,6,psme,50
73,4,4,28,10,psme,50
73,4,5,23,5,psme,50
73,4,6,29.5,4,psme,50
73,4,7,26.1,5,psme,50
73,4,8,40.1,8,psme,50
73,4,9,32.3,8,psme,50
73,4,10,29.4,5,psme,50
73,4,11,29.8,8,psme,50
73,4,12,23,5,psme,50
73,5,1,33.6,13,psme,50
73,5,2,37.8,14,psme,50
73,5,3,35.4,14,psme,50
73,5,4,30.9,7,psme,50
73,5,5,45.8,11,psme,50
73,5,6,17.9,1,psme,50
73,5,7,23.3,6,psme,50
73,5,8,37.6,12,psme,50
73,5,9,31.4,10,psme,50
73,5,10,51.2,14,psme,50
73,5,11,26.3,2,psme,50
73,5,12,28,4,psme,50
73,5,13,39.8,17,psme,50
73,6,1,32.4,10,psme,50
73,6,2,42.9,11,psme,50
73,6,3,22.5,6,psme,50
73,6,4,39,13,psme,50
73,6,5,34.5,7,psme,50
73,6,6,33.3,7,psme,50
73,6,7,38.5,7,psme,50
73,6,8,23.9,4,psme,50
73,6,9,26.8,3,psme,50
73,6,10,27.6,3,psme,50
73,6,11,17.1,2,psme,50
73,6,12,28.6,10,psme,50
73,6,13,28,3,psme,50
73,6,14,24,3,psme,50
73,6,15,28.4,7,psme,50
73,7,1,28.9,5,psme,50
73,7,2,43.8,12,psme,50
73,7,3,29,8,psme,50
73,7,4,31.2,7,psme,50
73,7,5,25.7,8,psme,50
73,7,6,31.3,4,psme,50
73,7,7,32.4,12,psme,50
73,7,8,20.9,3,psme,50
73,7,9,28.1,7,psme,50
73,7,10,23.8,3,psme,50
73,7,11,41.7,7,psme,50
73,7,12,23.2,2,psme,50
73,7,13,39.6,14,psme,50
73,7,14,32.9,8,psme,50
73,7,15,29.6,9,psme,50
73,7,16,36.4,12,psme,50
73,7,17,24.7,8,psme,50
73,8,1,25,10,psme,50
73,8,2,34.2,8,psme,50
73,8,3,46.9,19,psme,50
73,8,4,19.9,3,psme,50
73,8,5,22.3,6,psme,50
73,8,6,36.7,15,psme,50
73,8,7,25.6,5,psme,50
73,8,8,15.4,3,psme,50
73,8,9,24.1,3,psme,50
73,8,10,26.1,2,psme,50
73,8,11,29.7,6,psme,50
73,8,12,25.1,3,psme,50
73,8,13,32.8,9,psme,50
73,8,14,40.7,19,psme,50
73,8,15,20.2,2,psme,50
73,8,16,26.4,5,psme,50
73,8,17,20.9,1,psme,50
73,8,18,30.2,9,psme,50
73,8,19,25.8,3,psme,50
73,9,1,39.5,15,psme,50
73,9,2,40.3,15,psme,50
73,9,3,32,8,psme,50
73,9,4,39.4,17,psme,50
73,9,5,19,2,psme,50
73,9,6,30.6,9,psme,50
73,9,7,30.4,8,psme,50
73,9,8,28.7,7,psme,50
73,9,9,33.4,11,psme,50
73,9,10,23.2,7,alru,50
73,10,1,26.7,6,psme,50
73,10,2,26.8,8,psme,50
73,10,3,42.1,12,psme,50
73,10,4,31.9,8,psme,50
73,10,5,31.1,7,psme,50
73,10,6,29,11,psme,50
73,10,7,32.2,10,psme,50
73,10,8,34.5,9,psme,50
73,10,9,25.3,6,psme,50
73,10,10,30.7,6,psme,50
73,10,11,31.8,8,psme,50
73,10,12,32.1,11,psme,50
73,11,1,28.9,5,psme,50
73,11,2,32.5,7,psme,50
73,11,3,34.5,7,psme,50
73,11,4,28,6,psme,50
73,11,5,37.9,12,psme,50
73,11,6,17.2,3,psme,50
73,11,7,27,7,psme,50
73,11,8,40.1,12,psme,50
73,11,9,24.5,5,psme,50
73,11,10,30.5,6,psme,50
73,11,11,39.2,12,psme,50
73,11,12,36.7,11,psme,50
73,11,13,26.4,9,psme,50
54,14,1,28.9,15,psme,50
54,14,2,25.5,7,psme,50
54,14,3,18.9,5,psme,50
54,14,4,27.1,10,psme,50
54,14,5,22.6,6,psme,50
54,14,6,31.2,9,psme,50
54,14,7,20.7,6,psme,50
54,14,8,25.7,11,psme,50
54,14,9,26.7,10,psme,50
54,14,10,23.5,3,psme,50
54,14,11,22.1,9,psme,50
54,14,12,23,7,psme,50
54,14,13,23.1,11,psme,50
54,14,14,27.2,13,psme,50
54,14,15,29.3,12,psme,50
54,14,16,23.6,8,psme,50
54,15,1,21.5,5,psme,50
54,15,2,23,5,psme,50
54,15,3,29.9,8,psme,50
54,15,4,29.3,12,psme,50
54,15,5,25.1,14,psme,50
54,15,6,25,3,psme,50
54,15,7,24.8,12,psme,50
54,15,8,29.7,10,psme,50
54,15,9,26.3,12,psme,50
54,15,10,30.7,10,psme,50
54,15,11,33.5,11,psme,50
54,15,12,25.2,10,psme,50
54,15,13,27.3,14,psme,50
54,15,14,40.8,20,psme,50
54,15,15,26,10,psme,50
54,16,1,23.5,4,psme,50
54,16,2,28.4,9,psme,50
54,16,3,25.4,6,psme,50
54,16,4,29.4,8,psme,50
54,16,5,29.8,13,psme,50
54,16,6,21.7,3,psme,50
54,16,7,38.8,8,psme,50
54,16,8,29,13,psme,50
54,16,9,38,12,psme,50
54,16,10,29.9,8,psme,50
54,16,11,22.7,9,psme,50
54,16,12,21.3,4,psme,50
54,16,13,22.2,3,psme,50
54,16,14,33.5,18,psme,50
54,16,15,24.7,5,psme,50
54,17,1,34.4,19,psme,50
54,17,2,27.7,5,psme,50
54,17,3,21.1,6,psme,50
54,17,4,33.7,11,psme,50
54,17,5,29.3,8,psme,50
54,17,6,34.5,9,psme,50
54,17,7,37,8,psme,50
54,17,8,28,4,psme,50
54,17,9,26.4,4,psme,50
54,17,10,34.9,12,psme,50
54,17,11,33.6,8,psme,50
54,17,12,25.5,4,psme,50
54,17,13,29.1,5,psme,50
54,17,14,28.6,5,psme,50
54,18,1,29.1,5,psme,50
54,18,2,39.9,15,psme,50
54,18,3,23.8,5,psme,50
54,18,4,35.6,15,psme,50
54,18,5,35.8,8,psme,50
54,18,6,33.9,11,psme,50
54,18,7,32.2,7,psme,50
54,18,8,33.7,7,psme,50
54,19,1,28.1,5,psme,50
54,19,2,24.9,3,psme,50
54,19,3,23.9,3,psme,50
54,19,4,30.1,8,psme,50
54,19,5,20.8,3,psme,50
54,19,6,36.7,10,psme,50
54,19,7,26,15,psme,50
54,19,8,27.5,7,psme,50
54,19,9,30.9,11,psme,50
54,19,10,29.7,8,psme,50
54,19,11,22.4,6,psme,50
54,19,12,27.8,5,psme,50
54,19,13,32.2,12,psme,50
54,19,14,24.8,4,psme,50
54,19,15,17.7,4,psme,50
54,19,16,19.9,5,psme,50
54,20,1,33,14,psme,50
54,20,2,19.3,5,psme,50
54,20,3,26.7,13,psme,50
54,20,4,35.9,10,psme,50
54,20,5,27.9,11,psme,50
54,20,6,33.2,12,psme,50
54,20,7,31,11,psme,50
54,20,8,28.2,10,psme,50
54,20,9,18,3,psme,50
54,20,10,27.8,8,psme,50
54,20,11,35.7,15,psme,50
54,21,1,20.2,5,psme,50
54,21,2,28.9,12,psme,50
54,21,3,26.6,14,psme,50
54,21,4,29.8,4,psme,50
54,21,5,30.3,13,psme,50
54,21,6,31.8,12,psme,50
54,21,7,17.3,3,psme,50
54,21,8,32.3,10,psme,50
54,21,9,27,10,psme,50
54,21,10,24.3,6,psme,50
54,21,11,27.8,5,psme,50
54,21,12,30,5,psme,50
54,21,13,27.8,5,psme,50
54,21,11,31,13,psme,50
125,1,1,15.1,12,psme,75
125,1,2,25.5,7,psme,75
125,1,3,35.5,8,psme,75
125,1,4,15,3,psme,75
125,1,5,31.7,7,psme,75
125,1,6,27.7,13,psme,75
125,1,7,25.5,2,psme,75
125,1,8,31.4,11,psme,75
125,1,9,27.3,10,psme,75
125,1,10,15.6,1,psme,75
125,1,11,27.2,7,psme,75
125,1,12,27.4,2,psme,75
125,1,13,31.8,15,psme,75
125,2,1,21.5,8,psme,75
125,2,2,25.8,10,psme,75
125,2,3,26.5,13,psme,75
125,2,4,17,6,psme,75
125,2,5,25.9,8,psme,75
125,2,6,21.6,10,psme,75
125,2,7,19,8,psme,75
125,2,8,18,5,psme,75
125,2,9,18.8,6,psme,75
125,2,10,25.7,12,psme,75
125,2,11,22.4,9,psme,75
125,3,1,26.3,10,psme,75
125,3,2,26.7,13,psme,75
125,3,3,18.7,9,psme,75
125,3,4,25.8,8,psme,75
125,3,5,32,18,psme,75
125,3,6,25.2,12,psme,75
125,3,7,23.6,10,psme,75
125,3,8,20.4,6,psme,75
125,3,9,29.4,11,psme,75
125,3,10,18.6,8,psme,75
125,3,11,24.2,13,psme,75
125,4,1,23.5,9,psme,75
125,4,2,25.2,8,psme,75
125,4,3,25.4,13,psme,75
125,4,4,26.5,17,psme,75
125,4,5,27.3,12,psme,75
125,4,6,31.9,20,psme,75
125,4,7,28.4,18,psme,75
125,4,8,29.8,24,psme,75
125,4,9,19.6,12,psme,75
125,5,1,27.9,13,psme,75
125,5,2,28.2,10,psme,75
125,5,3,26.7,12,psme,75
125,5,4,21.8,9,psme,75
125,5,5,34.5,28,psme,75
125,5,6,18.4,8,psme,75
125,5,7,28,17,psme,75
125,5,8,16.2,7,psme,75
125,5,9,33,25,psme,75
125,5,10,15.2,6,psme,75
125,5,11,22.6,7,psme,75
125,5,12,26.5,14,psme,75
125,5,13,23,11,psme,75
125,5,14,20.7,11,psme,75
125,5,15,19.5,5,psme,75
125,5,16,15.9,5,psme,75
125,6,1,18.9,11,psme,75
125,6,2,25.9,19,psme,75
125,6,3,23.7,16,psme,75
125,6,4,30.8,18,psme,75
125,6,5,27,11,psme,75
125,6,6,25,7,psme,75
125,6,7,28.4,14,psme,75
125,6,8,26.6,13,psme,75
125,6,9,22.7,13,psme,75
125,6,10,25.4,11,psme,75
125,6,11,23.2,15,psme,75
125,6,12,24.5,9,psme,75
48,1,1,21.5,3,psme,50
48,1,2,27.4,4,psme,50
48,1,3,28.3,6,psme,50
48,1,4,31.8,15,psme,50
48,1,5,35.3,12,psme,50
48,1,6,31,5,psme,50
48,1,7,26.1,2,psme,50
48,1,8,17.8,3,psme,50
48,1,9,19.7,5,psme,50
48,1,10,24,4,psme,50
48,1,11,29.3,5,psme,50
48,1,12,32.5,13,psme,50
48,1,13,9.8,5,acma,50
48,1,14,10.9,5,acma,50
48,1,15,35.7,10,psme,50
48,1,16,22.1,6,psme,50
48,2,1,31.7,16,psme,50
48,2,2,28.8,11,psme,50
48,2,3,21.6,2,psme,50
48,2,4,28.4,6,psme,50
48,2,5,28.8,10,psme,50
48,2,6,16.2,3,psme,50
48,2,7,16.2,3,psme,50
48,2,8,22.4,4,psme,50
48,2,9,31.5,11,psme,50
48,2,10,21,4,psme,50
48,2,11,30.6,13,psme,50
48,2,12,27,6,psme,50
48,3,1,29.5,12,psme,50
48,3,2,21.6,3,psme,50
48,3,3,21,4,psme,50
48,3,4,35.8,24,psme,50
48,3,5,28.8,11,psme,50
48,3,6,28.8,15,psme,50
48,3,7,23.4,7,psme,50
48,3,8,31.2,17,psme,50
48,3,9,24.7,11,psme,50
48,3,10,25.7,7,psme,50
48,3,11,31.3,12,psme,50
48,3,12,29.7,14,psme,50
48,3,13,39.3,16,psme,50
48,4,1,18.8,5,psme,50
48,4,2,29.3,8,psme,50
48,4,3,22.4,8,psme,50
48,4,4,26.1,11,psme,50
48,4,5,21.9,3,psme,50
48,4,6,29.1,13,psme,50
48,4,7,27,11,psme,50
48,4,8,22.3,7,psme,50
48,4,9,25.7,10,psme,50
48,4,10,26.8,8,psme,50
48,4,11,30.8,9,psme,50
48,4,12,25.5,10,psme,50
48,4,13,25.1,9,psme,50
48,5,1,31,11,psme,50
48,5,2,25.7,3,psme,50
48,5,3,17.4,2,psme,50
48,5,4,23.6,4,psme,50
48,5,5,32.2,9,psme,50
48,5,6,27.3,11,psme,50
48,5,7,33.8,13,psme,50
48,5,8,33.2,9,psme,50
48,5,9,20.1,4,psme,50
48,5,10,25.5,4,psme,50
48,5,11,29,8,psme,50
48,5,12,29.5,6,psme,50
48,5,13,33.7,13,psme,50
48,5,14,30.9,10,psme,50
48,5,15,27,4,psme,50
48,6,1,21.8,1,psme,50
48,6,2,25.3,8,psme,50
48,6,3,26.3,6,psme,50
48,6,4,25.6,9,psme,50
48,6,5,30.4,10,psme,50
48,6,6,22.4,4,psme,50
48,6,7,30.5,8,psme,50
48,6,8,22.4,4,psme,50
48,6,9,34.1,22.5,psme,50
48,6,10,22.5,5,psme,50
48,6,11,31.8,5,psme,50
48,6,12,43.6,20,psme,50
48,6,13,25.2,4,psme,50
48,6,14,26.8,7,psme,50
48,6,15,21.6,4,psme,50
48,7,1,32.8,13,psme,50
48,7,2,22.7,4,psme,50
48,7,3,25.5,5,psme,50
48,7,4,21.8,3,psme,50
48,7,5,30.1,3,psme,50
48,7,6,23.7,5,psme,50
48,7,7,31.1,17,psme,50
48,7,8,26.5,6,psme,50
48,7,9,25.6,7,psme,50
48,7,10,23.6,6,psme,50
48,7,11,29.5,12,psme,50
48,7,12,27.7,10,psme,50
48,7,13,30.2,10,psme,50
48,7,14,21.1,6,psme,50
48,7,15,39.2,18,psme,50
48,8,1,23,13,psme,50
48,8,2,26.6,7,psme,50
48,8,3,25.9,5,psme,50
48,8,4,23.5,5,psme,50
48,8,5,26.9,11,psme,50
48,8,6,26.3,10,psme,50
48,8,7,29,12,psme,50
48,8,8,32.5,18,psme,50
48,8,9,29.7,19,psme,50
48,8,10,19,9,psme,50
48,8,11,32.4,17,psme,50
48,8,12,29.9,13,psme,50
48,8,13,18,5,psme,50
48,8,14,20.2,5,psme,50
48,9,1,36.9,12,psme,50
48,9,2,24.3,6,psme,50
48,9,3,25.9,9,psme,50
48,9,4,35.8,16,psme,50
48,9,5,19.3,7,psme,50
48,9,6,23.2,4,psme,50
48,9,7,22.8,4,psme,50
48,9,8,25.9,5,psme,50
48,9,9,26.5,4,psme,50
48,9,10,20.7,4,psme,50
48,9,11,26.9,3,psme,50
48,9,12,29.4,14,psme,50
48,10,1,30.9,6,psme,50
48,10,2,22.9,2,psme,50
48,10,3,38.5,15,psme,50
48,10,4,26.9,5,psme,50
48,10,5,24.5,4,psme,50
48,10,6,32.5,10,psme,50
48,10,7,25.9,6,psme,50
48,10,8,32.2,19,psme,50
48,10,9,23.6,3,psme,50
48,10,10,23,6,psme,50
48,10,11,18.9,10,psme,50
48,10,12,36.6,10,psme,50
48,10,13,29.6,7,psme,50
48,10,14,36.1,12,psme,50
48,11,1,31.9,3,psme,50
48,11,2,21.2,8,psme,50
48,11,3,25.9,3,psme,50
48,11,4,37.9,11,psme,50
48,11,5,21.4,4,psme,50
48,11,6,21.2,2,psme,50
48,11,7,24.2,5,psme,50
48,11,8,32,13,psme,50
48,11,9,32.2,9,psme,50
48,11,10,21.7,8,psme,50
48,11,11,38.1,7,psme,50
48,11,12,21.2,4,psme,50
48,11,13,31.8,4,psme,50
48,12,1,24.6,5,psme,50
48,12,2,28,14,psme,50
48,12,3,34.4,8,psme,50
48,12,4,32.1,10,psme,50
48,12,5,29.6,10,psme,50
48,12,6,36.2,12,psme,50
48,12,7,34.4,4,psme,50
48,12,8,39.6,14,psme,50
48,12,9,37.2,8,psme,50
48,12,10,35.6,16,psme,50
48,12,11,19.6,4,psme,50
48,12,12,22.6,4,psme,50
48,12,13,32.1,4,psme,50
48,13,1,13.3,3,psme,50
48,13,2,27.1,9,psme,50
48,13,3,28.6,6,psme,50
48,13,4,26,5,psme,50
48,13,5,21.8,3,psme,50
48,13,6,31.1,11,psme,50
48,13,7,29.2,9,psme,50
48,13,8,15.7,2,psme,50
48,13,9,25.3,5,psme,50
48,13,10,24.9,3,psme,50
48,13,11,27.4,8,psme,50
48,13,12,33.8,12,psme,50
48,13,13,27.2,7,psme,50
48,14,1,24.1,10,psme,50
48,14,2,13,3,psme,50
48,14,3,32.4,14,psme,50
48,14,4,29.9,14,psme,50
48,14,5,36.3,16,psme,50
48,14,6,20.8,5,psme,50
48,14,7,28.8,7,psme,50
48,14,8,26.9,4,psme,50
48,14,9,24.6,9,psme,50
48,14,10,24.3,11,psme,50
48,14,11,20,5,psme,50
48,14,12,29.5,12,psme,50
48,14,13,28.4,11,psme,50
54,22,1,37.5,18,psme,50
54,22,2,27,5,psme,50
54,22,3,29.1,14,psme,50
54,22,4,26.1,14,psme,50
54,22,5,34.1,12,psme,50
54,22,6,21.2,5,psme,50
54,22,7,31.6,16,psme,50
54,22,8,30.1,6,psme,50
54,22,9,34.5,14,psme,50
54,22,10,31.9,9,psme,50
54,22,11,20.7,4,psme,50
54,22,12,28,15,psme,50
54,23,1,30.3,9,psme,50
54,23,2,31.8,9,psme,50
54,23,3,31.2,12,psme,50
54,23,4,30,5,psme,50
54,23,5,32.8,15,psme,50
54,23,6,29.6,4,psme,50
54,23,7,15.8,11,acma,50
54,23,8,31.5,13,psme,50
54,23,9,28.6,8,psme,50
54,23,10,35,10,psme,50
54,23,11,36.9,11,psme,50
54,23,12,30.1,10,psme,50
54,23,13,26.3,8,psme,50
48,15,1,23.4,11,psme,50
48,15,2,30.1,11,psme,50
48,15,3,31.1,15,psme,50
48,15,4,34.2,13,psme,50
48,15,5,28,8,psme,50
48,15,6,21.2,5,psme,50
48,15,7,28.8,14,psme,50
48,15,8,32,15,psme,50
48,15,9,18.7,4,psme,50
48,15,10,20.9,4,psme,50
48,15,11,37.4,16,psme,50
48,15,12,22.2,4,psme,50
48,15,13,28.5,7,psme,50
48,15,14,21.2,5,psme,50
48,15,15,28.2,12,psme,50
48,16,1,28.5,8,psme,50
48,16,2,27.6,13,psme,50
48,16,3,29.6,14,psme,50
48,16,4,18.2,3,psme,50
48,16,5,18.9,2,psme,50
48,16,6,28.7,6,psme,50
48,16,7,28.6,9,psme,50
48,16,8,22.8,2,psme,50
48,16,9,24,5,psme,50
48,16,10,28.2,9,psme,50
48,16,11,20.6,5,psme,50
48,16,12,31.6,12,psme,50
48,17,1,32.7,9,psme,50
48,17,2,27.1,10,psme,50
48,17,3,26.8,9,psme,50
48,17,4,30.3,12,psme,50
48,17,5,18.7,1,psme,50
48,17,6,37.7,15,psme,50
48,17,7,24.5,5,psme,50
48,17,8,26.2,7,psme,50
48,17,9,31.1,8,psme,50
48,18,1,22.2,5,psme,50
48,18,2,34.8,21,psme,50
48,18,3,27.7,11,psme,50
48,18,4,25.7,10,psme,50
48,18,5,35.3,23,psme,50
48,18,6,30,17,psme,50
48,18,7,33.5,12,psme,50
54,24,1,23.4,5,psme,50
54,24,2,32,13,psme,50
54,24,3,33.6,15,psme,50
54,24,4,36.3,15,psme,50
54,24,5,25.1,7,psme,50
54,24,6,34.3,11,psme,50
54,24,7,28.6,6,psme,50
54,24,8,32,9,psme,50
54,24,9,27.5,8,psme,50
54,24,10,33.5,12,psme,50
54,24,11,29.4,12,psme,50
54,25,1,27.7,4,psme,50
54,25,2,25.5,8,psme,50
54,25,3,27.1,8,psme,50
54,25,4,35.5,10,psme,50
54,25,5,40.4,13,psme,50
54,25,6,42.7,17,psme,50
54,25,7,33.2,12,psme,50
54,25,8,36.5,16,psme,50
54,25,9,34.1,15,psme,50
54,25,10,27.5,5,psme,50
54,25,11,31.3,7,psme,50
54,26,1,29.5,5,psme,50
54,26,2,29.3,11,psme,50
54,26,3,38.2,12,psme,50
54,26,4,35.6,9,psme,50
54,26,5,27.1,13,psme,50
54,26,6,27,5,psme,50
54,26,7,29.9,9,psme,50
54,26,8,31,19,psme,50
54,26,9,33.7,12,psme,50
54,26,10,25.2,6,psme,50
54,26,11,33.4,10,psme,50
54,27,1,37,14,psme,50
54,27,2,34,10,psme,50
54,27,3,26.7,8,psme,50
54,27,4,27.3,6,psme,50
54,27,5,26,7,psme,50
54,27,6,26.5,4,psme,50
54,27,7,34.7,12,psme,50
54,27,8,22.4,1,psme,50
54,27,9,26.2,3,psme,50
54,27,10,29.3,5,psme,50
54,27,11,26.5,6,psme,50
54,27,12,26.2,7,psme,50
54,27,13,32.2,10,psme,50
54,27,14,27.4,8,psme,50
54,27,15,26.7,4,psme,50
54,28,1,32.9,10,psme,50
54,28,2,31.6,7,psme,50
54,28,3,26.9,6,psme,50
54,28,4,24,9,psme,50
54,28,5,30.7,8,psme,50
54,28,6,31.2,12,psme,50
54,28,7,36,16,psme,50
54,28,8,27.8,11,psme,50
54,28,9,28.9,9,psme,50
54,28,10,27.8,12,psme,50
54,28,11,22.5,7,psme,50
54,28,12,31.1,6,psme,50
54,28,13,30.2,8,psme,50
54,28,14,31.8,8,psme,50
54,28,15,25.1,7,psme,50
54,29,1,28.6,16,psme,50
54,29,2,24.5,6,psme,50
54,29,3,29.9,11,psme,50
54,29,4,22.9,6,psme,50
54,29,5,32.2,11,psme,50
54,29,6,25,4,psme,50
54,29,7,32.7,14,psme,50
54,29,8,27.9,7,psme,50
54,29,9,29.1,11,psme,50
54,29,10,27.6,9,psme,50
54,29,11,22.5,6,psme,50
54,29,12,31.4,9,psme,50
54,29,13,27.3,13,psme,50
54,29,14,20.2,2,psme,50
54,29,15,28.5,10,psme,50
54,29,16,34.2,17,psme,50
54,30,1,32.3,13,psme,50
54,30,2,28.4,13,psme,50
54,30,3,29.7,12,psme,50
54,30,4,23.5,8,psme,50
54,30,5,34.5,15,psme,50
54,30,6,25,4,psme,50
54,30,7,23.8,9,psme,50
54,30,8,26,6,psme,50
54,30,9,29.6,11,psme,50
54,30,10,28.8,13,psme,50
54,30,11,30.6,13,psme,50
54,30,12,31,13,psme,50
54,31,1,25.6,6,psme,50
54,31,2,28,13,psme,50
54,31,3,30.9,9,psme,50
54,31,4,17.8,3,psme,50
54,31,5,22.7,6,psme,50
54,31,6,28.5,11,psme,50
54,31,7,28.1,9,psme,50
54,31,8,30.4,6,psme,50
54,31,9,27.9,5,psme,50
54,31,10,25.5,5,psme,50
54,31,11,26.8,7,psme,50
54,31,12,29,17,psme,50
54,31,13,27,4,psme,50
54,31,14,24.9,12,psme,50
54,31,15,28.2,10,psme,50
54,32,1,17.7,2,psme,50
54,32,2,24.5,3,psme,50
54,32,3,24.8,3,psme,50
54,32,4,21,3,psme,50
54,32,5,33.1,19,psme,50
54,32,6,26,6,psme,50
54,32,7,40.4,13,psme,50
54,32,8,36.5,10,psme,50
54,32,9,27.6,6,psme,50
54,32,10,37.6,15,psme,50
54,32,11,33.5,11,psme,50
54,33,1,28.6,7,psme,50
54,33,2,28.2,8,psme,50
54,33,3,21,3,psme,50
54,33,4,25.3,10,psme,50
54,33,5,24.8,6,psme,50
54,33,6,30.8,6,psme,50
54,33,7,36.7,20,psme,50
54,33,8,22.8,8,psme,50
54,33,9,28.4,7,psme,50
54,33,10,24.4,5,psme,50
54,33,11,29.3,12,psme,50
54,33,12,27.2,11,psme,50
54,33,13,27.7,8,psme,50
54,34,1,20.8,5,psme,50
54,34,2,22.5,14,psme,50
54,34,3,20.2,6,psme,50
54,34,4,27.5,13,psme,50
54,34,5,23.4,9,psme,50
54,34,6,29.1,12,psme,50
54,34,7,21.3,5,psme,50
54,34,8,27,12,psme,50
54,34,9,24.8,9,psme,50
54,34,10,26,13,psme,50
54,34,11,18.4,7,psme,50
54,34,12,27.2,14,psme,50
54,34,13,28.8,14,psme,50
54,34,14,14.6,3,psme,50
54,34,15,25.7,13,psme,50
54,35,1,24.1,10,psme,50
54,35,2,19.6,14,psme,50
54,35,3,23.9,10,psme,50
54,35,4,17.5,8,psme,50
54,35,5,22.6,4,psme,50
54,35,6,30.4,18,psme,50
54,35,7,28.4,13,psme,50
54,35,8,29.5,14,psme,50
54,35,9,15.8,3,psme,50
54,35,10,30.6,15,psme,50
54,35,11,18.4,6,psme,50
54,35,12,27.1,9,psme,50
54,35,13,21.9,14,psme,50
54,35,14,19.7,9,psme,50
54,35,15,25.8,21,psme,50
54,35,16,20.5,10,psme,50
54,35,17,20.6,6,psme,50
54,36,1,25.5,11,psme,50
54,36,2,28.2,15,psme,50
54,36,3,24.7,8,psme,50
54,36,4,20.7,7,psme,50
54,36,5,26.5,14,psme,50
54,36,6,26,6,psme,50
54,36,7,25.6,8,psme,50
54,36,8,26.1,10,psme,50
54,36,9,30.8,16,psme,50
54,36,10,27,13,psme,50
54,36,11,21.3,8,psme,50
54,37,1,26.8,5,psme,50
54,37,2,32.6,15,psme,50
54,37,3,18.9,2,psme,50
54,37,4,24.3,7,psme,50
54,37,5,27.5,10,psme,50
54,37,6,25.3,8,psme,50
54,37,7,31.3,14,psme,50
54,37,8,30.7,9,psme,50
54,37,9,30.3,11,psme,50
54,37,10,20.4,3,psme,50
54,37,11,22.8,4,psme,50
54,37,12,29.7,14,psme,50
54,37,13,26.7,10,psme,50
54,37,14,27,8,psme,50
54,38,1,29.6,12,psme,50
54,38,2,25.8,16,psme,50
54,38,3,25.7,8,psme,50
54,38,4,26.4,10,psme,50
54,38,5,31,14,psme,50
54,38,6,15.4,3,psme,50
54,38,7,31.9,14,psme,50
54,38,8,31.5,12,psme,50
54,38,9,33.2,12,psme,50
54,38,10,30.7,10,psme,50
73,12,1,33.5,7,psme,50
73,12,2,39.5,15,psme,50
73,12,3,25.5,4,psme,50
73,12,4,27.5,1,psme,50
73,12,5,32.1,4,psme,50
73,12,6,24.2,4,psme,50
73,12,7,39.8,14,psme,50
73,12,8,38.5,15,psme,50
73,12,9,36.5,11,psme,50
73,13,1,31.6,5,psme,50
73,13,2,18.8,4,psme,50
73,13,3,39.5,12,psme,50
73,13,4,25,4,psme,50
73,13,5,38.8,7,psme,50
73,13,6,25.8,4,psme,50
73,13,7,43.3,8,psme,50
73,13,8,37.1,12,psme,50
73,13,9,39.3,8,psme,50
73,13,10,28.8,9,psme,50
73,13,11,22.6,5,psme,50
73,14,1,34.8,6,psme,50
73,14,2,40.7,13,psme,50
73,14,3,40.4,12,psme,50
73,14,4,47.4,16,psme,50
73,14,5,33.1,9,psme,50
73,14,6,37.3,6,psme,50
73,14,7,25.9,7,psme,50
73,14,8,28.7,7,psme,50
73,14,9,39.7,13,psme,50
73,15,1,32.2,11,psme,50
73,15,2,20.5,2,psme,50
73,15,3,41.5,11,psme,50
73,15,4,31.3,10,psme,50
73,15,5,33.1,11,psme,50
73,15,6,30.1,6,psme,50
73,15,7,36.3,12,psme,50
73,15,8,30,11,psme,50
73,15,9,29,10,psme,50
73,15,10,35.8,10,psme,50
73,15,11,34.8,10,psme,50
73,16,1,29.5,7,psme,50
73,16,2,47.9,16,psme,50
73,16,3,29.1,6,psme,50
73,16,4,41.9,15,psme,50
73,16,5,40,12,psme,50
73,16,6,33.7,12,psme,50
73,16,7,44.7,15,psme,50
73,16,8,25.7,5,psme,50
73,16,9,24.2,3,psme,50
73,16,10,26.4,12,psme,50
73,17,1,39.5,15,psme,50
73,17,2,27.8,5,psme,50
73,17,3,27.2,5,psme,50
73,17,4,32.1,10,psme,50
73,17,5,40.5,6,psme,50
73,17,6,22.2,3,psme,50
73,17,7,23.7,9,psme,50
73,17,8,32,6,psme,50
73,17,9,37.6,13,psme,50
73,17,10,37.8,12,psme,50
73,17,11,38.3,11,psme,50
73,17,12,34.6,7,psme,50
73,17,13,37.5,11,psme,50
73,18,1,45,16,psme,50
73,18,2,25.8,5,psme,50
73,18,3,37.7,15,psme,50
73,18,4,23.9,1,psme,50
73,18,5,39.8,9,psme,50
73,18,6,35.4,11,psme,50
73,18,7,37.5,13,psme,50
73,18,8,42.8,10,psme,50
73,18,9,44.8,9,psme,50
73,18,10,32.7,8,psme,50
73,19,1,36.2,12,psme,50
73,19,2,35.2,10,psme,50
73,19,3,23.6,6,psme,50
73,19,4,34.8,10,psme,50
73,19,5,30.9,10,psme,50
73,19,6,32.1,10,psme,50
73,19,7,32.4,11,psme,50
73,19,8,26.1,9,psme,50
73,19,9,35,12,psme,50
73,19,10,30.8,4,psme,50
73,19,11,29.8,13,psme,50
73,19,12,33.7,11,psme,50
73,19,13,32,11,psme,50
73,19,14,25.5,6,psme,50
73,20,1,33,15,psme,50
73,20,2,32.3,8,psme,50
73,20,3,33,15,psme,50
73,20,4,35.8,12,psme,50
73,20,5,15.6,1,psme,50
73,20,6,38.8,16,psme,50
73,20,7,29.4,11,psme,50
73,20,8,38.8,17,psme,50
73,20,9,23.4,4,psme,50
73,21,1,33.3,6,psme,50
73,21,2,29.3,5,psme,50
73,21,3,35.9,10,psme,50
73,21,4,26,6,psme,50
73,21,5,31,7,psme,50
73,21,6,41.6,16,psme,50
73,21,7,20.6,4,psme,50
73,21,8,15.1,2,psme,50
73,21,9,31.6,11,psme,50
73,21,10,35.2,14,psme,50
73,21,11,35.2,8,psme,50
73,21,12,21.9,3,psme,50
73,22,1,30.6,17,psme,50
73,22,2,28.1,11,psme,50
73,22,3,23,2,psme,50
73,22,4,36.4,14,psme,50
73,22,5,31.9,7,psme,50
73,22,6,22.5,6,psme,50
73,22,7,28.5,7,psme,50
73,22,8,21.8,6,psme,50
73,22,9,29.6,7,psme,50
73,22,10,28,7,psme,50
73,22,11,22.5,2,psme,50
73,22,12,21,5,psme,50
73,22,13,42,12,psme,50
73,22,14,31.7,10,psme,50
73,22,15,30.6,9,psme,50
73,22,16,35.6,8,psme,50
73,22,17,19.7,2,psme,50
73,22,18,27.2,3,psme,50
